{"stat.walkOneCm":13871,"achievement.openInventory":4,"stat.craftItem.minecraft.planks":40,"stat.pickup.minecraft.stick":15,"stat.craftItem.minecraft.stone_axe":1,"stat.leaveGame":1,"stat.pickup.minecraft.crafting_table":1,"stat.damageTaken":30,"stat.mineBlock.minecraft.crafting_table":1,"stat.craftItem.minecraft.crafting_table":1,"stat.craftItem.minecraft.stone_pickaxe":1,"stat.useItem.minecraft.wooden_pickaxe":10,"stat.pickup.minecraft.cobblestone":11,"stat.mobKills":6,"stat.mineBlock.minecraft.log":10,"stat.pickup.minecraft.dye":3,"stat.pickup.minecraft.planks":6,"stat.pickup.minecraft.log":10,"stat.craftItem.minecraft.stone_sword":1,"stat.flyOneCm":5518,"stat.jump":51,"stat.mineBlock.minecraft.leaves":2,"stat.swimOneCm":968,"stat.playOneMinute":6221,"stat.fallOneCm":1352,"stat.killEntity.Sheep":4,"stat.sneakTime":70,"stat.useItem.minecraft.stone_sword":11,"stat.useItem.minecraft.stone_axe":11,"stat.pickup.minecraft.wool":4,"stat.damageDealt":520,"stat.crouchOneCm":83,"stat.timeSinceDeath":6221,"achievement.mineWood":6,"stat.killEntity.Squid":2,"stat.pickup.minecraft.dirt":2,"stat.sprintOneCm":7404,"stat.mineBlock.minecraft.dirt":2,"stat.useItem.minecraft.crafting_table":1,"stat.craftItem.minecraft.wooden_pickaxe":1,"stat.mineBlock.minecraft.stone":10,"achievement.exploreAllBiomes":{"value":0,"progress":["River","Taiga","TaigaHills"]},"stat.pickup.minecraft.mutton":8,"stat.diveOneCm":1362,"stat.craftItem.minecraft.stick":12,"stat.craftingTableInteraction":3}